{"cameraMode":{"drawMode":0,"name":"Shaded","section":"Shading Mode"},"sceneLighting":true,"audioPlay":false,"sceneViewState":{"m_AlwaysRefresh":true,"showFog":true,"showSkybox":true,"showFlares":true,"showImageEffects":true,"showParticleSystems":true,"showVisualEffectGraphs":true,"m_FxEnabled":true},"in2DMode":false,"pivot":{"x":13.433819770812989,"y":0.5218362808227539,"z":-2.748448610305786},"rotation":{"x":0.0239858478307724,"y":-0.9734974503517151,"z":0.12123412638902664,"w":0.19257818162441255},"size":2.7305684089660646,"orthographic":false}