{"cameraMode":{"drawMode":0,"name":"Shaded","section":"Shading Mode"},"sceneLighting":true,"audioPlay":false,"sceneViewState":{"m_AlwaysRefresh":false,"showFog":true,"showSkybox":true,"showFlares":true,"showImageEffects":true,"showParticleSystems":true,"showVisualEffectGraphs":true,"m_FxEnabled":true},"in2DMode":false,"pivot":{"x":18.589683532714845,"y":6.123131275177002,"z":13.642698287963868},"rotation":{"x":0.08634369820356369,"y":-0.44898760318756106,"z":0.04364261403679848,"w":0.8882884979248047},"size":9.783568382263184,"orthographic":false}